,donor,race,disease,aab,status,dqa1-dqb1_possible_1,dqa1-dqb1_possible_2,dqa1-dqb1_possible_3,dqa1-dqb1_possible_4,max_prob_1,max_prob_2,haplotype_1,haplotype_2,rsid_1,rsid_2,allele_1,allele_2,allele_diplotype,HLA_score
1,HPAP016,Caucasian,T1D control,3,Aab,0201$0202,0201$0302,0301$0202,0301$0302,dqa1-dqb1_possible_1,dqa1-dqb1_possible_4,0201$0202,0301$0302,rs17211699,rs9275490,DQ22,DQ81,DQ22-DQ81,1.324611049
2,HPAP019,Caucasian,T1D control,1,Aab,0101$0302,0101$0501,0301$0302,0301$0501,dqa1-dqb1_possible_2,dqa1-dqb1_possible_3,0101$0501,0301$0302,rs10947332,rs9275490,DQ51,DQ81,DQ51-DQ81,2.048840323
6,HPAP024,Caucasian,T1D control,1,Aab,0401$0402,0401$0301,0505$0402,0505$0301,dqa1-dqb1_possible_1,dqa1-dqb1_possible_4,0401$0402,0505$0301,rs12527228,rs9469200,DQ42,DQ75,DQ42-DQ75,-1.783661485
10,HPAP029,Caucasian,T1D control,1,Aab,0301$0301,0301$0302,0303$0301,0303$0302,dqa1-dqb1_possible_2,dqa1-dqb1_possible_3,0301$0302,0303$0301,rs9275490,rs1281935,DQ81,DQ73,DQ81-DQ73,0.171784571
18,HPAP043,Hispanic,T1D control,2,Aab,0503$0301,0503$0301,0505$0301,0505$0301,dqa1-dqb1_possible_1,dqa1-dqb1_possible_4,0503$0301,0505$0301,NA,rs9469200,NA,DQ75,NA-DQ75,-1.322737947
20,HPAP045,Caucasian,T1D control,1,Aab,0501$0201,0501$0201,0501$0201,0501$0201,dqa1-dqb1_possible_1,dqa1-dqb1_possible_3,0501$0201,0501$0201,rs9273369,rs9273369,DQ25,DQ25,DQ25-DQ25,2.163682386
24,HPAP049,Caucasian,T1D control,1,Aab,0201$0303,0201$0319,0505$0303,0505$0319,dqa1-dqb1_possible_1,dqa1-dqb1_possible_4,0201$0303,0505$0319,rs28746898,NA,DQ92,NA,DQ92-NA,-2.35527726
25,HPAP050,Hispanic,T1D control,1,Aab,0102$0302,0102$0609,0301$0302,0301$0609,dqa1-dqb1_possible_2,dqa1-dqb1_possible_3,0102$0609,0301$0302,rs16822632,rs9275490,DQ69,DQ81,DQ69-DQ81,1.448800527
28,HPAP072,Hispanic,T1D control,1,Aab,0101$0202,0101$0501,0201$0202,0201$0501,dqa1-dqb1_possible_2,dqa1-dqb1_possible_3,0101$0501,0201$0202,rs10947332,rs17211699,DQ51,DQ22,DQ51-DQ22,-0.78319421
36,HPAP107,Caucasian,T1D control,3,Aab,0301$0201,0301$0302,0501$0201,0501$0302,dqa1-dqb1_possible_2,dqa1-dqb1_possible_3,0301$0302,0501$0201,rs9275490,rs9273369,DQ81,DQ25,DQ81-DQ25,3.632269419
39,HPAP114,Caucasian,T1D control,1,Aab,0102$0201,0102$0602,0501$0201,0501$0602,dqa1-dqb1_possible_2,dqa1-dqb1_possible_3,0102$0602,0501$0201,rs17843689,rs9273369,DQ62,DQ25,DQ62-DQ25,-1.935715294
53,HPAP148,Black or African American,T1D control,2,Aab,0102$0602,0102$0603,0103$0602,0103$0603,dqa1-dqb1_possible_1,dqa1-dqb1_possible_4,0102$0602,0103$0603,rs17843689,rs62406889,DQ62,DQ63,DQ62-DQ63,-3.643281847
3,HPAP020,Caucasian,Recent T1DM Unsuspected,4,Recent T1DM Unsuspected,0102$0201,0102$0604,0501$0201,0501$0604,dqa1-dqb1_possible_2,dqa1-dqb1_possible_3,0102$0604,0501$0201,NA,rs9273369,NA,DQ25,NA-DQ25,1.262934491
0,HPAP012,Caucasian,T1D control,0,T1D control,0301$0302,0301$0319,0505$0302,0505$0319,dqa1-dqb1_possible_1,dqa1-dqb1_possible_4,0301$0302,0505$0319,rs9275490,NA,DQ81,NA,DQ81-NA,2.078322791
7,HPAP026,Caucasian,T1D control,0,T1D control,0101$0501,0101$0602,0102$0501,0102$0602,dqa1-dqb1_possible_1,dqa1-dqb1_possible_4,0101$0501,0102$0602,rs10947332,rs17843689,DQ51,DQ62,DQ51-DQ62,-1.456373432
8,HPAP027,Caucasian,T1D control,0,T1D control,0102$0301,0102$0602,0505$0301,0505$0602,dqa1-dqb1_possible_2,dqa1-dqb1_possible_3,0102$0602,0505$0301,rs17843689,rs9469200,DQ62,DQ75,DQ62-DQ75,-2.749628911
13,HPAP034,Caucasian,T1D control,0,T1D control,0101$0501,0101$0602,0102$0501,0102$0602,dqa1-dqb1_possible_1,dqa1-dqb1_possible_4,0101$0501,0102$0602,rs10947332,rs17843689,DQ51,DQ62,DQ51-DQ62,-1.456373432
14,HPAP035,Caucasian,T1D control,0,T1D control,0201$0201,0201$0202,0501$0201,0501$0202,dqa1-dqb1_possible_2,dqa1-dqb1_possible_3,0201$0202,0501$0201,rs17211699,rs9273369,DQ22,DQ25,DQ22-DQ25,0.171150222
15,HPAP039,Caucasian,T1D control,0,T1D control,0301$0201,0301$0302,0501$0201,0501$0302,dqa1-dqb1_possible_2,dqa1-dqb1_possible_3,0301$0302,0501$0201,rs9275490,rs9273369,DQ81,DQ25,DQ81-DQ25,3.632269419
17,HPAP042,Caucasian,T1D control,0,T1D control,0301$0301,0301$0302,0303$0301,0303$0302,dqa1-dqb1_possible_2,dqa1-dqb1_possible_3,0301$0302,0303$0301,rs9275490,rs1281935,DQ81,DQ73,DQ81-DQ73,0.171784571
19,HPAP044,Caucasian,T1D control,0,T1D control,0102$0201,0102$0602,0501$0201,0501$0602,dqa1-dqb1_possible_2,dqa1-dqb1_possible_3,0102$0602,0501$0201,rs17843689,rs9273369,DQ62,DQ25,DQ62-DQ25,-1.935715294
21,HPAP046,Black or African American,T1D control,0,T1D control,0101$0501,0101$0501,0105$0501,0105$0501,dqa1-dqb1_possible_1,dqa1-dqb1_possible_4,0101$0501,0105$0501,rs10947332,rs10947332,DQ51,DQ51,DQ51-DQ51,-0.058964936
22,HPAP047,Caucasian,T1D control,0,T1D control,0102$0402,0102$0602,0401$0402,0401$0602,dqa1-dqb1_possible_2,dqa1-dqb1_possible_3,0102$0602,0401$0402,rs17843689,rs12527228,DQ62,DQ42,DQ62-DQ42,-1.887814502
31,HPAP095,Black or African American,T1D control,0,T1D control,0102$0609,0102$0319,0505$0609,0505$0319,dqa1-dqb1_possible_1,dqa1-dqb1_possible_4,0102$0609,0505$0319,rs16822632,NA,DQ69,NA,DQ69-NA,-0.629522264
33,HPAP099,Hispanic,T1D control,0,T1D control,0101$0319,0101$0501,0505$0319,0505$0501,dqa1-dqb1_possible_2,dqa1-dqb1_possible_3,0101$0501,0505$0319,rs10947332,NA,DQ51,NA,DQ51-NA,-0.029482468
35,HPAP104,Hispanic,T1D control,0,T1D control,0102$0302,0102$0602,0303$0302,0303$0602,dqa1-dqb1_possible_2,dqa1-dqb1_possible_3,0102$0602,0303$0302,rs17843689,rs9275490,DQ62,DQ81,DQ62-DQ81,0.651431827
37,HPAP110,Caucasian,T1D control,0,T1D control,0102$0301,0102$0602,0505$0301,0505$0602,dqa1-dqb1_possible_2,dqa1-dqb1_possible_3,0102$0602,0505$0301,rs17843689,rs9469200,DQ62,DQ75,DQ62-DQ75,-2.749628911
40,HPAP122,Caucasian,T1D control,0,T1D control,0101$0501,0101$0501,0101$0501,0101$0501,dqa1-dqb1_possible_1,dqa1-dqb1_possible_3,0101$0501,0101$0501,rs10947332,rs10947332,DQ51,DQ51,DQ51-DQ51,-0.058964936
42,HPAP129,Hispanic,T1D control,0,T1D control,0201$0202,0201$0402,0401$0202,0401$0402,dqa1-dqb1_possible_1,dqa1-dqb1_possible_4,0201$0202,0401$0402,rs17211699,rs12527228,DQ22,DQ42,DQ22-DQ42,0.610012824
44,HPAP131,Hispanic,T1D control,0,T1D control,0401$0201,0401$0402,0501$0201,0501$0402,dqa1-dqb1_possible_2,dqa1-dqb1_possible_3,0401$0402,0501$0201,rs12527228,rs9273369,DQ42,DQ25,DQ42-DQ25,0.802010953
45,HPAP132,Hispanic,T1D control,0,T1D control,0102$0302,0102$0604,0301$0302,0301$0604,dqa1-dqb1_possible_2,dqa1-dqb1_possible_3,0102$0604,0301$0302,NA,rs9275490,NA,DQ81,NA-DQ81,2.078322791
47,HPAP136,Caucasian,T1D control,0,T1D control,0102$0502,0102$0602,0102$0502,0102$0602,dqa1-dqb1_possible_1,dqa1-dqb1_possible_4,0102$0502,0102$0602,NA,rs17843689,NA,DQ62,NA-DQ62,-1.426890964
49,HPAP139,Caucasian,T1D control,0,T1D control,0104$0302,0104$0503,0301$0302,0301$0503,dqa1-dqb1_possible_2,dqa1-dqb1_possible_3,0104$0503,0301$0302,rs1794265,rs9275490,DQ53,DQ81,DQ53-DQ81,1.193304441
50,HPAP140,Caucasian,T1D control,0,T1D control,0101$0301,0101$0501,0505$0301,0505$0501,dqa1-dqb1_possible_2,dqa1-dqb1_possible_3,0101$0501,0505$0301,rs10947332,rs9469200,DQ51,DQ75,DQ51-DQ75,-1.352220415
52,HPAP146,Black or African American,T1D control,0,T1D control,0102$0301,0102$0602,0505$0301,0505$0602,dqa1-dqb1_possible_2,dqa1-dqb1_possible_3,0102$0602,0505$0301,rs17843689,rs9469200,DQ62,DQ75,DQ62-DQ75,-2.749628911
4,HPAP021,Caucasian,T1DM,1,T1DM,0101$0302,0101$0501,0303$0302,0303$0501,dqa1-dqb1_possible_2,dqa1-dqb1_possible_3,0101$0501,0303$0302,rs10947332,rs9275490,DQ51,DQ81,DQ51-DQ81,2.048840323
5,HPAP023,Caucasian,T1DM,1,T1DM,0101$0201,0101$0501,0501$0201,0501$0501,dqa1-dqb1_possible_2,dqa1-dqb1_possible_3,0101$0501,0501$0201,rs10947332,rs9273369,DQ51,DQ25,DQ51-DQ25,1.064821765
9,HPAP028,Caucasian,T1DM,0,T1DM,0301$0201,0301$0302,0501$0201,0501$0302,dqa1-dqb1_possible_2,dqa1-dqb1_possible_3,0301$0302,0501$0201,rs9275490,rs9273369,DQ81,DQ25,DQ81-DQ25,3.632269419
11,HPAP030,Caucasian,T1DM,0,T1DM,0301$0201,0301$0302,0501$0201,0501$0302,dqa1-dqb1_possible_2,dqa1-dqb1_possible_3,0301$0302,0501$0201,rs9275490,rs9273369,DQ81,DQ25,DQ81-DQ25,3.632269419
12,HPAP032,Caucasian,T1DM,2,T1DM,0301$0201,0301$0302,0501$0201,0501$0302,dqa1-dqb1_possible_2,dqa1-dqb1_possible_3,0301$0302,0501$0201,rs9275490,rs9273369,DQ81,DQ25,DQ81-DQ25,3.632269419
16,HPAP041,Caucasian,T1DM,0,T1DM,0301$0201,0301$0302,0501$0201,0501$0302,dqa1-dqb1_possible_2,dqa1-dqb1_possible_3,0301$0302,0501$0201,rs9275490,rs9273369,DQ81,DQ25,DQ81-DQ25,3.632269419
23,HPAP048,Hispanic,T1DM,0,T1DM,0301$0201,0301$0302,0501$0201,0501$0302,dqa1-dqb1_possible_2,dqa1-dqb1_possible_3,0301$0302,0501$0201,rs9275490,rs9273369,DQ81,DQ25,DQ81-DQ25,3.632269419
26,HPAP055,Hispanic,T1DM,4,T1DM,0301$0201,0301$0302,0501$0201,0501$0302,dqa1-dqb1_possible_2,dqa1-dqb1_possible_3,0301$0302,0501$0201,rs9275490,rs9273369,DQ81,DQ25,DQ81-DQ25,3.632269419
27,HPAP071,Caucasian,T1DM,2,T1DM,0201$0202,0201$0302,0303$0202,0303$0302,dqa1-dqb1_possible_1,dqa1-dqb1_possible_4,0201$0202,0303$0302,rs17211699,rs9275490,DQ22,DQ81,DQ22-DQ81,1.324611049
29,HPAP089,Hispanic,T1DM,2,T1DM,0501$0201,0501$0302,0301$0201,0301$0302,dqa1-dqb1_possible_1,dqa1-dqb1_possible_4,0501$0201,0301$0302,rs9273369,rs9275490,DQ25,DQ81,DQ25-DQ81,3.632269419
32,HPAP098,Caucasian,T1DM,0,T1DM,0303$0202,0303$0302,0303$0202,0303$0302,dqa1-dqb1_possible_1,dqa1-dqb1_possible_4,0303$0202,0303$0302,NA,rs9275490,NA,DQ81,NA-DQ81,2.078322791
34,HPAP102,Caucasian,T1DM,1,T1DM,0301$0301,0301$0302,0303$0301,0303$0302,dqa1-dqb1_possible_2,dqa1-dqb1_possible_3,0301$0302,0303$0301,rs9275490,rs1281935,DQ81,DQ73,DQ81-DQ73,0.171784571
41,HPAP123,Caucasian,T1DM,3,T1DM,0102$0301,0102$0604,0303$0301,0303$0604,dqa1-dqb1_possible_2,dqa1-dqb1_possible_3,0102$0604,0303$0301,NA,rs1281935,NA,DQ73,NA-DQ73,-0.645766009
43,HPAP130,Caucasian,T1DM,2,T1DM,0301$0201,0301$0302,0501$0201,0501$0302,dqa1-dqb1_possible_2,dqa1-dqb1_possible_3,0301$0302,0501$0201,rs9275490,rs9273369,DQ81,DQ25,DQ81-DQ25,3.632269419
46,HPAP135,Black or African American,T1DM,0,T1DM,0303$0302,0303$0309,0505$0302,0505$0309,dqa1-dqb1_possible_1,dqa1-dqb1_possible_4,0303$0302,0505$0309,rs9275490,NA,DQ81,NA,DQ81-NA,2.078322791
48,HPAP137,Caucasian,T1DM,0,T1DM,0301$0302,0301$0402,0401$0302,0401$0402,dqa1-dqb1_possible_1,dqa1-dqb1_possible_4,0301$0302,0401$0402,rs9275490,rs12527228,DQ81,DQ42,DQ81-DQ42,1.617399253
51,HPAP141,Caucasian,T1DM,1,T1DM,0101$0201,0101$0501,0501$0201,0501$0501,dqa1-dqb1_possible_2,dqa1-dqb1_possible_3,0101$0501,0501$0201,rs10947332,rs9273369,DQ51,DQ25,DQ51-DQ25,1.064821765
54,HPAP149,White,T1DM,2,T1DM,0101$0302,0101$0501,0301$0302,0301$0501,dqa1-dqb1_possible_2,dqa1-dqb1_possible_3,0101$0501,0301$0302,rs10947332,rs9275490,DQ51,DQ81,DQ51-DQ81,2.048840323
55,HPAP151,Black or African American,T1DM,1,T1DM,0102$0602,0102$0609,0102$0602,0102$0609,dqa1-dqb1_possible_1,dqa1-dqb1_possible_4,0102$0602,0102$0609,rs17843689,rs16822632,DQ62,DQ69,DQ62-DQ69,-2.056413228
38,HPAP113,Caucasian,T1DM (recent DKA),1,T1DM (recent DKA),0401$0201,0401$0402,0501$0201,0501$0402,dqa1-dqb1_possible_2,dqa1-dqb1_possible_3,0401$0402,0501$0201,rs12527228,rs9273369,DQ42,DQ25,DQ42-DQ25,0.802010953
30,HPAP094,Caucasian,"T1DM or MODY, undetermined",0,"T1DM or MODY, undetermined",0303$0301,0303$0301,0505$0301,0505$0301,dqa1-dqb1_possible_1,dqa1-dqb1_possible_4,0303$0301,0505$0301,rs1281935,rs9469200,DQ73,DQ75,DQ73-DQ75,-1.468453674
